cycle,proposal,factor1,factor2,dim1,dim2,pdbFileName
0,0,54.47722375392914,14.772933065891266,7.620224475860596,-13.13,design0_n0.pdb
